"Numero_Fiche";"Bloc_Competences_Code";"Bloc_Competences_Libelle"
"RNCP509";"RNCP509BC05";"UG2 : Mathématiques-Sciences physiques et chimiques"
"RNCP509";"RNCP509BC06";"UG3 : Éducation physique et sportive"
"RNCP509";"RNCP509BC01";"UP1 : Vérification d’une installation et organisation de l’intervention"
"RNCP509";"RNCP509BC02";"UP2 : Vérification d’une installation de robinet incendie armé"
"RNCP509";"RNCP509BC03";"UP3 : Vérification d’extincteurs et démonstration d’utilisation"
"RNCP509";"RNCP509BC04";"UG1 : Français – Histoire, géographie et enseignement moral et civique"
