"Numero_Fiche";"Codes_Rome_Code";"Codes_Rome_Libelle"
"RNCP509";"I1203";"Maintenance des bâtiments et des locaux"
"RNCP4049";"D1407";"Relation technico-commerciale"
"RNCP4049";"D1406";"Management en force de vente"
"RNCP4049";"H1102";"Management et ingénierie d''affaires"
"RNCP22094";"D1406";"Management en force de vente"
"RNCP22094";"H1102";"Management et ingénierie d''affaires"
"RNCP22094";"D1407";"Relation technico-commerciale"
"RNCP28155";"H1102";"Management et ingénierie d''affaires"
"RNCP28155";"D1407";"Relation technico-commerciale"
"RNCP28155";"D1406";"Management en force de vente"
"RNCP30271";"H1102";"Management et ingénierie d''affaires"
"RNCP30271";"D1407";"Relation technico-commerciale"
"RNCP30271";"D1406";"Management en force de vente"
"RNCP19468";"D1102";"Boulangerie - viennoiserie"
"RNCP19468";"D1104";"Pâtisserie, confiserie, chocolaterie et glacerie"
