"Numero_Fiche";"Nom_Partenaire";"Siret_Partenaire";"Habilitation_Partenaire"
"RS5000";"ALYRA";"	82815245400033";"HABILITATION_ORGA_FORM"
"RS5000";"ACADEE";"	87920070700013";"HABILITATION_ORGA_FORM"
"RS5000";"ORSYS";"	48276116000019";"HABILITATION_ORGA_FORM"
"RS6117";"URMA - CENTRE FORMATION STE CLOTILDE";"	18974011100035";"HABILITATION_ORGA_FORM"
"RS6117";"CFA DES PYRENEES ORIENTALES";"	13002793100323";"HABILITATION_ORGA_FORM"
"RS6117";"CMA CAUDRY";"	13002374000223";"HABILITATION_ORGA_FORM"
"RS6117";"INSTITUT NATIONAL BOULANGERIE PATISSERIE";"	31504294500032";"HABILITATION_ORGA_FORM"
"RS6117";"ASS OUVRIERE COMPAGNON DEVOIR TOUR FRANC";"	77566202600381";"HABILITATION_ORGA_FORM"
"RS6117";"ASS OUVRIERE COMPAGNON DEVOIR TOUR FRANC";"	77566202600050";"HABILITATION_ORGA_FORM"
"RNCP19468";"INSTITUT NATIONAL DE LA BOULANGERIE PATISSERIE - INBP";"	53326535100015";"HABILITATION_ORGA_FORM"
