"Id_Fiche";"Numero_Fiche";"Intitule";"Abrege_Libelle";"Abrege_Intitule";"Nomenclature_Europe_Niveau";"Nomenclature_Europe_Intitule";"Accessible_Nouvelle_Caledonie";"Accessible_Polynesie_Francaise";"Date_dernier_jo";"Date_Decision";"Date_Fin_Enregistrement";"Date_Effet";"Type_Enregistrement";"Validation_Partielle";"Actif"
"14791";"RNCP509";"Agent vérificateur d'appareils extincteurs";"CAP";"Certificat d'aptitude professionnelle";"NIV3";"Niveau 3";"Non";"Non";;;"31/08/2023";;"Enregistrement de droit";;"INACTIVE"
"481";"RNCP1197";"Technico-commercial pour l'agro-alimentaire (Fiche incomplète)";;;"NIV6";"Niveau 6";"Non";"Non";"25/01/2002";;"31/12/2006";;"Enregistrement sur demande";;"INACTIVE"
"1883";"RNCP4049";"Chef de projet commercial pour l'agroalimentaire";;;"NIV6";"Niveau 6";"Non";"Non";"02/02/2011";;"02/02/2015";;"Enregistrement sur demande";;"INACTIVE"
"2908";"RNCP22094";"Chef de projet commercial pour l'agroalimentaire";;;"NIV6";"Niveau 6";"Non";"Non";"31/12/2014";;"31/12/2015";;"Enregistrement sur demande";;"INACTIVE"
"3906";"RNCP28155";"Chef de projet commercial pour l'agroalimentaire et services associés";;;"NIV6";"Niveau 6";"Non";"Non";"21/04/2017";;"21/04/2022";;"Enregistrement sur demande";;"INACTIVE"
"4462";"RNCP30271";"Chef de projet commercial pour l'agroalimentaire et services associés";;;"NIV6";"Niveau 6";"Non";"Non";"08/02/2018";;"21/04/2022";;"Enregistrement sur demande";;"INACTIVE"
"2";"RS5000";"Exploiter la blockchain dans le développement d’applications";;;;;"Non";"Non";;"13/06/2019";"24/05/2024";;"Enregistrement sur demande";"Non";"ACTIVE"
"4691";"RNCP19468";"CQP Tourier";;;"REPRISE";"Sans niveau – le positionnement dans le cadre de national des certifications professionnelles est non déterminé";"Non";"Non";"21/07/2018";;"21/07/2021";;"Enregistrement sur demande";;"INACTIVE"
"23237";"RS6117";"CQP Tourier";;;;;"Non";"Non";;"29/09/2022";"29/09/2025";;"Enregistrement sur demande";"Non";"ACTIVE"
