"Numero_Fiche";"Nsf_Code";"Nsf_Intitule"
"RNCP509";"251";"251 : Mécanique générale et de précision, usinage"
"RNCP1197";"221w";"221w : Commercialisation de produits alimentaires"
"RNCP4049";"221w";"221w : Commercialisation de produits alimentaires"
"RNCP22094";"221w";"221w : Commercialisation de produits alimentaires"
"RNCP28155";"221w";"221w : Commercialisation de produits alimentaires"
"RNCP30271";"221w";"221w : Commercialisation de produits alimentaires"
"RS5000";"326";"326 : Informatique, traitement de l'information, réseaux de transmission"
"RS5000";"114b";"114b : Modèles mathématiques ; Informatique mathématique"
"RNCP19468";"221";"221 : Agro-alimentaire, alimentation, cuisine"
"RS6117";"221";"221 : Agro-alimentaire, alimentation, cuisine"
