"Numero_Fiche";"Si_Jury"
"RNCP509";"Par expérience"
"RNCP509";"Par candidature individuelle"
"RNCP509";"Après un parcours de formation sous statut d’élève ou d’étudiant"
"RNCP509";"En contrat d’apprentissage"
"RNCP509";"En contrat de professionnalisation"
"RNCP509";"Après un parcours de formation continue"
"RNCP4049";"Par expérience"
"RNCP4049";"Par candidature individuelle"
"RNCP4049";"Après un parcours de formation sous statut d’élève ou d’étudiant"
"RNCP4049";"Après un parcours de formation continue"
"RNCP22094";"Par expérience"
"RNCP22094";"Après un parcours de formation sous statut d’élève ou d’étudiant"
"RNCP22094";"Après un parcours de formation continue"
"RNCP22094";"Par candidature individuelle"
"RNCP28155";"Par candidature individuelle"
"RNCP28155";"Après un parcours de formation sous statut d’élève ou d’étudiant"
"RNCP28155";"En contrat d’apprentissage"
"RNCP28155";"Après un parcours de formation continue"
"RNCP28155";"Par expérience"
"RNCP30271";"En contrat d’apprentissage"
"RNCP30271";"Par expérience"
"RNCP30271";"Par candidature individuelle"
"RNCP30271";"Après un parcours de formation continue"
"RNCP30271";"Après un parcours de formation sous statut d’élève ou d’étudiant"
"RS5000";"Après un parcours de formation continue"
"RS5000";"Par candidature individuelle"
"RS5000";"Par expérience"
"RS6117";"Après un parcours de formation continue"
"RS6117";"Par expérience"
"RS6117";"En contrat de professionnalisation"
"RNCP19468";"Par expérience"
"RNCP19468";"Après un parcours de formation continue"
"RNCP19468";"En contrat de professionnalisation"
"RNCP19468";"Par candidature individuelle"
