numero_uai;type_zone_uai;type_zone_uai_libe;zone;zone_libe;date_ouverture;date_fermeture;date_derniere_mise_a_jour
0010001W;42;Groupement comptable;0010001W;LP LYC METIER ALEXANDRE BERARD;01/09/1986;;
0010001W;27;P�le inclusif d'accompagnement localis�;0010002X;CLG SAINT-EXUPERY;19/05/2020;;
0010001W;44;Centre d'information et d'orientation;0010053C;CIO ETAT AMBERIEU;11/01/1966;;
0010001W;22;Secteur scolaire;0010301;AMBERIEU EN BUGEY;01/05/1965;;
0010001W;43;Greta;0011164K;GRETA-CFA AIN;01/09/2003;;
